"","ONTOLOGY","ID","Description","setSize","enrichmentScore","NES","pvalue","p.adjust","qvalue","rank","leading_edge","core_enrichment"
"GO:0006112","BP","GO:0006112","energy reserve metabolic process",35,-0.750938994302372,-2.32173413463876,1.61338944424161e-08,9.54158517324488e-05,8.80061484216844e-05,650,"tags=51%, list=12%, signal=46%","SHP1/GSY1/YPI1/GPH1/GLG2/GAC1/GLC8/GSY2/SGA1/IGD1/GIP2/RGI2/GLC3/GDB1/RGI1/GLG1/PGM2/PIG2"
"GO:0032787","BP","GO:0032787","monocarboxylic acid metabolic process",155,0.505588229691899,2.10421436230667,9.35060328945026e-08,0.000106826225860673,9.85304277824267e-05,733,"tags=32%, list=13%, signal=28%","DLD3/HSP32/FAA4/PDH1/OLE1/FAS1/TDH1/HXK2/DAL7/PGK1/IRC7/ENO2/FAA3/FRM2/FAS2/GND1/CIT3/ELO1/ACS2/ACC1/CDC19/OAR1/PPT2/SPE3/PDB1/ERG10/ENO1/TSC13/HTD2/PFK27/PDC5/LEU2/GPM3/IZH2/ELO3/FBA1/IFA38/IDP2/SPE1/ECM31/PEX11/ANT1/SPE4/SPE2/ELO2/FDC1/TYE7/ISA2/ETR1"
"GO:0006629","BP","GO:0006629","lipid metabolic process",323,0.408013891015452,1.91645081954949,8.73981073007523e-08,0.000106826225860673,9.85304277824267e-05,1042,"tags=31%, list=19%, signal=27%","FAA4/PDH1/ERG3/OLE1/FAS1/CHO2/ERG5/EPT1/MVD1/SAH1/FAA3/ERG25/ERG11/MCD4/INM1/LAG1/INO2/FRM2/FAS2/CPT1/ATG15/AIM6/ERG2/CAX4/CYB5/CIT3/ELO1/SCS3/ACC1/SAC1/OAR1/PPT2/PGA1/FLC3/ERG10/CDS1/YEH2/ERG24/SPT14/KAP95/TSC13/ERG26/ERG12/HTD2/PER1/SEC14/ERG7/SPO7/SEC59/URA7/AFT2/GPI17/IZH2/GAA1/ELO3/IFA38/CST26/ERG27/CKI1/ERG13/SFH5/TED1/ERG1/PEX11/CMR2/FLC2/HMG1/PSD1/ANT1/GPI10/RER2/BST1/COQ2/ELO2/ETR1/FMP30/INO1/GDE1/PLB1/LAS21/OPI1/ROG1/VPS74/LIP5/LPP1/FAT1/LCB4/OSH7/ERG20/CWH43/FLC1/DPP1/CAB1/UPS2/CSG2/GPC1/NCR1/ERG29/IMO32/GRE2/PHO81"
"GO:0022857","MF","GO:0022857","transmembrane transporter activity",341,0.400896827878211,1.88756663921433,7.92369752499516e-08,0.000106826225860673,9.85304277824267e-05,1282,"tags=42%, list=23%, signal=34%","AQY3/AGP3/DIP5/GIT1/DAL5/FET3/OPT2/SUL1/AGP1/ARR3/BAP3/ATR1/BAP2/OPT1/VBA1/ARN1/YHM2/SAM3/YCF1/MEP2/DUR3/FCY2/CTR2/FEX1/FEN2/AVT2/OAC1/COX5A/FTR1/SMF3/ALR2/ATX2/AVT4/POR2/HVG1/YPQ2/MRS4/GAP1/FMP42/BSC6/SIT1/PDR5/VBA5/FLC3/HNM1/YMC1/SMF2/MDL1/RIP1/SSY1/PDR10/VMA3/TPO5/ZRC1/SEC63/COX4/YMC2/AGC1/COX6/AUS1/GNP1/PCA1/MID1/VRG4/MMT2/SEO1/TIM22/LEU5/SGE1/HUT1/YMD8/FLC2/MEP3/CAN1/TPO2/ANT1/VBA4/PMA1/SNQ2/BPT1/RCH1/MCH4/FLR1/HXT1/SPF1/VMA6/PTR2/VHT1/ITR1/FUR4/AQR1/ECM27/ODC1/TIM17/VBA2/CSC1/VMA2/MIR1/RIM2/FLX1/TPO4/PHO90/VMA16/FAT1/FLC1/YIA6/FUI1/TAT2/TOM40/SEC72/STE6/CSG2/MEX67/FCY21/ACL4/FUN26/ATP16/AVT7/CCC2/MUP1/ALR1/YPQ1/STL1/STV1/TNA1/CRC1/ORT1/YHK8/MRS2/HXT8/TOM22/MCH5/TIM18/VPH1/MSC2/GDT1/NFT1/TIM54/ERC1/CCH1/AGP2/HOL1/PRM10"
"GO:0005215","MF","GO:0005215","transporter activity",380,0.385772633616211,1.84724023920108,1.08379667765309e-07,0.000106826225860673,9.85304277824267e-05,1282,"tags=40%, list=23%, signal=33%","AQY3/AGP3/DIP5/GIT1/DAL5/FET3/OPT2/SUL1/AGP1/ARR3/BAP3/ATR1/BAP2/OPT1/VBA1/ARN1/YHM2/SAM3/YCF1/MEP2/DUR3/FCY2/CTR2/FEX1/FEN2/AVT2/OAC1/COX5A/FTR1/SMF3/ALR2/ATX2/AVT4/POR2/HVG1/YPQ2/MMM1/MRS4/GAP1/FMP42/BSC6/SIT1/PDR5/VBA5/FLC3/HNM1/YMC1/SMF2/MDL1/RIP1/SSY1/SEC14/PDR10/VMA3/TPO5/ZRC1/SEC63/COX4/YMC2/AGC1/COX6/AUS1/GNP1/PCA1/MID1/NEO1/VRG4/MMT2/SEO1/TIM22/LEU5/DRS2/SFH5/SGE1/HUT1/YMD8/FLC2/MEP3/CAN1/TPO2/ANT1/VBA4/PMA1/SNQ2/BPT1/RCH1/MCH4/FLR1/HXT1/SPF1/VMA6/PTR2/VHT1/ITR1/FUR4/AQR1/ECM27/ODC1/TIM17/VBA2/CSC1/VMA2/MIR1/RIM2/FLX1/TPO4/PHO90/OSH3/VMA16/FAT1/OSH7/FLC1/YIA6/FUI1/TAT2/TOM40/UPS2/SEC72/STE6/CSG2/MEX67/FCY21/ACL4/FUN26/ATP16/AVT7/CCC2/MUP1/ALR1/YPQ1/STL1/PEP8/STV1/TNA1/CRC1/ORT1/YHK8/MRS2/HXT8/TOM22/MCH5/TIM18/VPH1/MSC2/GDT1/DNF3/NFT1/TIM54/ERC1/CCH1/AGP2/HOL1/PRM10"
"GO:0044281","BP","GO:0044281","small molecule metabolic process",661,0.336641977756671,1.68212844963075,5.84418454500318e-08,0.000106826225860673,9.85304277824267e-05,969,"tags=27%, list=17%, signal=26%","ADH7/DLD3/SNO3/HSP32/DAK2/FAA4/PDH1/ERG3/OLE1/FAS1/TDH1/CIT2/HXK2/SAM4/DAL7/URH1/ERG5/PGK1/IRC7/ENO2/MRI1/LSC2/MVD1/RBH2/SAH1/FAA3/ERG25/HPA3/ADE1/ERG11/INM1/SNZ1/FRM2/FAS2/ADE17/APT1/ASC1/ERG2/GND1/CIT3/ELO1/CHA1/MDE1/ADH2/ARO10/SCS3/ACS2/ACC1/AAT1/CDC19/OAR1/PPT2/SPE3/HPT1/PPR1/THI11/PDB1/FOL1/BUD16/PRS1/ADE13/DAL3/ERG10/ADE6/MDH2/MIS1/LAP3/FBP1/ARO7/ERG24/VTC4/ENO1/TSC13/ERG26/ERG12/HTD2/PFK27/PRS5/NIT3/PDC5/ARG2/LEU2/GPM3/ERG7/ADO1/GDH1/URA7/PCK1/GLN1/IZH2/TKL1/ARG4/GAL80/ELO3/FBA1/NPT1/GLY1/IFA38/IDP2/COQ8/ERG27/RKI1/SPE1/ERG13/THI80/IMD2/ECM31/SOL3/ERG1/SER2/PEX11/CMR2/NPP1/HMG1/LSC1/RIB7/ANT1/SPE4/URK1/ASP1/APT2/CTR86/PRS4/THI13/SPE2/URA1/RER2/THI3/XPT1/SHM1/HMT1/MTD1/COQ2/MPA43/ELO2/FDC1/NCA3/ADK2/TYE7/ISA2/HIS6/ETR1/CPA2/FMP30/VMA2/DAL1/TRP2/INO1/PUT1/PUT2/GUD1/URA4/ABZ2/PAN5/PRS3/LIP5/FAP7/ADH6/HNT1/NMA2/ADE2/QRI1/PHO90/ASN1/SER1/LYS4/PGM1/TYR1/FAT1/LCB4/ALD2/DDP1/ARO3/ERG20/DTD1/IPK1/CAB1/FAD1/ARH1/MET7"
"GO:0044255","BP","GO:0044255","cellular lipid metabolic process",300,0.412633645699135,1.90991543428151,1.32476991284784e-07,0.000111924132351173,0.000103232446441767,1035,"tags=32%, list=19%, signal=28%","FAA4/PDH1/ERG3/OLE1/FAS1/CHO2/ERG5/EPT1/MVD1/SAH1/FAA3/ERG25/ERG11/MCD4/INM1/LAG1/INO2/FRM2/FAS2/CPT1/ATG15/ERG2/CAX4/CIT3/ELO1/SCS3/ACC1/SAC1/OAR1/PPT2/PGA1/FLC3/ERG10/CDS1/ERG24/SPT14/KAP95/TSC13/ERG26/ERG12/HTD2/PER1/SEC14/ERG7/SPO7/SEC59/URA7/AFT2/GPI17/IZH2/GAA1/ELO3/IFA38/CST26/ERG27/CKI1/ERG13/SFH5/TED1/ERG1/PEX11/CMR2/FLC2/HMG1/PSD1/ANT1/GPI10/RER2/BST1/COQ2/ELO2/ETR1/FMP30/INO1/GDE1/PLB1/LAS21/OPI1/ROG1/VPS74/LIP5/LPP1/FAT1/LCB4/ERG20/CWH43/FLC1/DPP1/CAB1/UPS2/CSG2/GPC1/NCR1/ERG29/IMO32/GRE2"
"GO:0005977","BP","GO:0005977","glycogen metabolic process",33,-0.732055927544647,-2.2272369785353,3.13033696912862e-07,0.000231410160442833,0.000213439554921375,650,"tags=48%, list=12%, signal=43%","SHP1/GSY1/YPI1/GPH1/GLG2/GAC1/GLC8/GSY2/SGA1/IGD1/GIP2/GLC3/GDB1/GLG1/PGM2/PIG2"
"GO:0008610","BP","GO:0008610","lipid biosynthetic process",215,0.441067853897517,1.96942938305467,4.22651722781145e-07,0.00027358527364128,0.000252339477779598,1035,"tags=33%, list=19%, signal=28%","ERG3/OLE1/FAS1/CHO2/ERG5/EPT1/MVD1/SAH1/ERG25/ERG11/MCD4/INM1/LAG1/INO2/FAS2/CPT1/ERG2/CAX4/CYB5/ELO1/SCS3/ACC1/OAR1/PPT2/PGA1/FLC3/ERG10/CDS1/ERG24/SPT14/KAP95/TSC13/ERG26/ERG12/HTD2/PER1/SEC14/ERG7/SPO7/SEC59/URA7/GPI17/GAA1/ELO3/IFA38/CST26/ERG27/CKI1/ERG13/TED1/ERG1/FLC2/HMG1/PSD1/GPI10/RER2/COQ2/ELO2/ETR1/INO1/LAS21/OPI1/LIP5/LCB4/ERG20/CWH43/FLC1/UPS2/CSG2/GPC1/ERG29/GRE2"
"GO:0055085","BP","GO:0055085","transmembrane transport",414,0.362034473276296,1.7309487760137,4.62606144134731e-07,0.00027358527364128,0.000252339477779598,1324,"tags=39%, list=24%, signal=32%","AQY3/AGP3/DIP5/GIT1/DAL5/HXK2/FET3/OPT2/SUL1/AGP1/ARR3/BAP3/ATR1/BAP2/OPT1/VBA1/ARN1/YHM2/SAM3/TIS11/YCF1/MEP2/DUR3/FCY2/CTR2/FEX1/FEN2/AVT2/OAC1/COX5A/FTR1/SMF3/ALR2/ATX2/AVT4/POR2/HVG1/YPQ2/MRS4/GAP1/FMP42/BSC6/SIT1/PDR5/VBA5/FLC3/HNM1/MDH2/YMC1/SMF2/MDL1/RIP1/SSY1/PDR10/VMA3/TPO5/ZRC1/SEC63/AFT2/COX4/YMC2/MTM1/AGC1/COX6/AUS1/GNP1/PCA1/MID1/VRG4/MMT2/SEO1/TIM22/LEU5/PEX15/SIL1/SGE1/HUT1/YMD8/FLC2/MEP3/CAN1/TPO2/ANT1/VBA4/PMA1/SNQ2/BPT1/MCH4/FLR1/HXT1/SPF1/VMA6/PTR2/VHT1/ITR1/FUR4/AQR1/ECM27/ODC1/TIM17/ATG22/VBA2/CSC1/VMA2/MIR1/RIM2/FLX1/YME1/TPO4/PHO90/VMA16/FLC1/YIA6/FUI1/TAT2/TOM40/SEC72/STE6/CSG2/MEX67/FCY21/ACL4/FUN26/ATP16/PEX21/AVT7/CCC2/PEX25/ICE2/MUP1/ALR1/YPQ1/STL1/STV1/TNA1/CRC1/ORT1/YHK8/MRS2/PEX4/HXT8/TOM22/MCH5/TIM18/VPH1/MSC2/GDT1/NFT1/TIM54/ERC1/CCH1/AGP2/HOL1/PRM10/PEX10/RGC1/TPO3/PEX6/VMA13/QDR2/YHC3"
"GO:0005978","BP","GO:0005978","glycogen biosynthetic process",23,-0.789872612032229,-2.24357206773743,8.55260600204219e-07,0.00045981919905525,0.000424111045957729,316,"tags=52%, list=6%, signal=49%","GSY1/GLG2/GAC1/GLC8/GSY2/IGD1/GIP2/GLC3/GDB1/GLG1/PGM2/PIG2"
"GO:0005783","CC","GO:0005783","endoplasmic reticulum",618,0.320523038622869,1.58988219053157,1.66889520479766e-06,0.000822487186764448,0.000758615346601885,1117,"tags=29%, list=20%, signal=26%","AGP3/FAA4/ERG3/OLE1/FET3/CHO2/AGP1/BAP3/ERG5/BAP2/EPT1/SAM3/DUR3/FAA3/ERG25/MRH1/ERG11/MCD4/CTR2/YRO2/ALG8/AVT2/SEC12/LAG1/CPT1/ATG15/SMF3/ERG2/CAX4/IZH3/IZH1/CYB5/ATX2/ELO1/FPR2/HVG1/SCS3/MMM1/ACC1/SAC1/GAP1/PGA1/ERD1/ERP1/HRI1/KRE6/YIP3/FLC3/HNM1/CDS1/OST6/ERG24/EMP65/VTC4/HLJ1/SPT14/PMT4/TSC13/ERG26/YSP3/KSH1/SSY1/PER1/ERG7/SPO7/ERV29/TPO5/SEC59/SEC63/NPL4/GPI17/CWH41/GAA1/USA1/ELO3/GNP1/SEC21/MID1/IFA38/YUR1/VRG4/CST26/TOH1/SEC4/ERG27/YIF1/DRS2/MGA2/SFH5/TED1/PEX15/SIL1/ERG1/SGE1/PEX11/HUT1/BIG1/UBX6/MDM10/FLC2/MRX9/MEP3/GEA1/SHO1/CAN1/HMG1/PSD1/SFB2/BPT1/EMC1/GPI10/SPF1/ERP2/RER2/SLG1/BST1/ERP3/SCW10/SED4/ELO2/CNE1/ECM27/ALG6/CSS2/GAS5/MNN11/VBA2/PFA4/CSC1/PEX31/CHS3/UIP5/PLB1/YPS7/LAS21/OPI1/KTR5/RFT1/MNL2/TRS31/ALG3/SAR1/ERV41/OSH3/SLP1/FAT1/GEM1/LCB4/OSH7/SEC23/FMP52/ERG20/CWH43/FLC1/TAT2/ALG9/FRE8/MET7/SEC72/CSG2/GPC1/NCR1/TRS33/ERG29/SWF1/EMC2/ICE2/PMT2/DFG5/LAM1/GIP3/LOA1/YPQ1/AYR1/DIE2/SMP3/KAR5/EMP24/HMG2"
"GO:0006082","BP","GO:0006082","organic acid metabolic process",349,0.36298829801866,1.71666985187633,3.39366594049081e-06,0.00154385695169713,0.00142396574118408,927,"tags=28%, list=17%, signal=24%","DLD3/SNO3/HSP32/FAA4/PDH1/OLE1/FAS1/TDH1/CIT2/HXK2/SAM4/DAL7/PGK1/IRC7/ENO2/MRI1/SAH1/FAA3/HPA3/FRM2/FAS2/GND1/CIT3/ELO1/CHA1/MDE1/ARO10/ACS2/ACC1/AAT1/CDC19/OAR1/PPT2/SPE3/PDB1/FOL1/ERG10/ADE6/MDH2/MIS1/LAP3/ARO7/VTC4/ENO1/TSC13/HTD2/PFK27/NIT3/PDC5/ARG2/LEU2/GPM3/GDH1/URA7/GLN1/IZH2/ARG4/ELO3/FBA1/GLY1/IFA38/IDP2/SPE1/ECM31/SER2/PEX11/ANT1/SPE4/ASP1/CTR86/SPE2/THI3/SHM1/HMT1/ELO2/FDC1/TYE7/ISA2/HIS6/ETR1/CPA2/TRP2/PUT1/PUT2/ABZ2/PAN5/LIP5/PHO90/ASN1/SER1/LYS4/TYR1/FAT1/ALD2/DDP1/ARO3"
"GO:0044283","BP","GO:0044283","small molecule biosynthetic process",323,0.381095920539432,1.79001648063277,3.72790312248228e-06,0.0015747727904543,0.00145248075042881,1025,"tags=32%, list=18%, signal=28%","DLD3/SNO3/HSP32/ERG3/OLE1/FAS1/TDH1/SAM4/ERG5/PGK1/IRC7/MRI1/MVD1/ERG25/ERG11/INM1/SNZ1/FAS2/APT1/ERG2/ELO1/CHA1/MDE1/ADH2/ARO10/ACC1/OAR1/PPT2/SPE3/HPT1/THI11/FOL1/BUD16/ERG10/MDH2/MIS1/FBP1/ARO7/ERG24/TSC13/ERG26/ERG12/HTD2/PDC5/ARG2/LEU2/ERG7/ADO1/GDH1/PCK1/GLN1/ARG4/ELO3/FBA1/GLY1/IFA38/COQ8/ERG27/RKI1/SPE1/ERG13/THI80/ECM31/ERG1/SER2/HMG1/RIB7/SPE4/APT2/CTR86/THI13/SPE2/RER2/THI3/SHM1/HMT1/COQ2/ELO2/ISA2/HIS6/ETR1/CPA2/TRP2/INO1/PUT2/ABZ2/PAN5/LIP5/ASN1/SER1/LYS4/TYR1/LCB4/ALD2/ARO3/ERG20/IPK1/ARH1/ADH3/STD1/ILV1/ERG29/GPM1"
"GO:0019752","BP","GO:0019752","carboxylic acid metabolic process",332,0.368709696352797,1.73727701820996,5.61368772849586e-06,0.00221328994842163,0.00204141261818004,927,"tags=28%, list=17%, signal=25%","DLD3/SNO3/HSP32/FAA4/PDH1/OLE1/FAS1/TDH1/CIT2/HXK2/SAM4/DAL7/PGK1/IRC7/ENO2/MRI1/SAH1/FAA3/HPA3/FRM2/FAS2/GND1/CIT3/ELO1/CHA1/MDE1/ARO10/ACS2/ACC1/AAT1/CDC19/OAR1/PPT2/SPE3/PDB1/FOL1/ERG10/ADE6/MDH2/MIS1/LAP3/ARO7/ENO1/TSC13/HTD2/PFK27/NIT3/PDC5/ARG2/LEU2/GPM3/GDH1/URA7/GLN1/IZH2/ARG4/ELO3/FBA1/GLY1/IFA38/IDP2/SPE1/ECM31/SER2/PEX11/ANT1/SPE4/ASP1/CTR86/SPE2/THI3/SHM1/HMT1/ELO2/FDC1/TYE7/ISA2/HIS6/ETR1/CPA2/TRP2/PUT1/PUT2/ABZ2/PAN5/LIP5/ASN1/SER1/LYS4/TYR1/FAT1/ALD2/ARO3"
"GO:0043436","BP","GO:0043436","oxoacid metabolic process",347,0.36515841078793,1.72455326108499,6.45609744948223e-06,0.00238633501976487,0.00220101953836953,927,"tags=28%, list=17%, signal=25%","DLD3/SNO3/HSP32/FAA4/PDH1/OLE1/FAS1/TDH1/CIT2/HXK2/SAM4/DAL7/PGK1/IRC7/ENO2/MRI1/SAH1/FAA3/HPA3/FRM2/FAS2/GND1/CIT3/ELO1/CHA1/MDE1/ARO10/ACS2/ACC1/AAT1/CDC19/OAR1/PPT2/SPE3/PDB1/FOL1/ERG10/ADE6/MDH2/MIS1/LAP3/ARO7/VTC4/ENO1/TSC13/HTD2/PFK27/NIT3/PDC5/ARG2/LEU2/GPM3/GDH1/URA7/GLN1/IZH2/ARG4/ELO3/FBA1/GLY1/IFA38/IDP2/SPE1/ECM31/SER2/PEX11/ANT1/SPE4/ASP1/CTR86/SPE2/THI3/SHM1/HMT1/ELO2/FDC1/TYE7/ISA2/HIS6/ETR1/CPA2/TRP2/PUT1/PUT2/ABZ2/PAN5/LIP5/PHO90/ASN1/SER1/LYS4/TYR1/FAT1/ALD2/DDP1/ARO3"
"GO:1901617","BP","GO:1901617","organic hydroxy compound biosynthetic process",93,0.528971790270865,2.08043046987881,7.16080622910229e-06,0.00243045728425758,0.00224171540270594,657,"tags=32%, list=12%, signal=29%","DLD3/SNO3/HSP32/ERG3/ERG5/MVD1/ERG25/ERG11/INM1/SNZ1/ERG2/CYB5/ADH2/ARO10/THI11/BUD16/ERG10/ERG24/ERG26/ERG12/PDC5/ERG7/ERG27/RKI1/ERG13/ERG1/HMG1/THI13/RER2/THI3"
"GO:0031984","CC","GO:0031984","organelle subcompartment",443,0.339995869831482,1.63760709922558,7.39740127099027e-06,0.00243045728425758,0.00224171540270594,1286,"tags=33%, list=23%, signal=27%","ERG3/OLE1/CHO2/OPT2/ERG5/ERG25/ERG11/MCD4/ALG8/SEC12/LAG1/CPT1/SMF3/ERG2/CAX4/IZH3/IZH1/CYB5/ATX2/ELO1/FPR2/HVG1/SCS3/MMM1/ACC1/SAC1/GAP1/PGA1/ERD1/ERP1/HRI1/KRE6/FLC3/CDS1/OST6/SMF2/EMP65/VTC4/HLJ1/SPT14/PMT4/TSC13/ERG26/GCS1/KSH1/PER1/ERG7/SPO7/ERV29/SEC59/SEC63/NPL4/GPI17/CWH41/GAA1/USA1/ELO3/IFA38/NEO1/VRG4/ERG27/YIF1/DRS2/MGA2/SFH5/TED1/PEX15/ERG1/HUT1/BIG1/FLC2/TRS130/GEA1/HMG1/PSD1/SFB2/GNT1/EMC1/GPI10/SPF1/ERP2/SYS1/RER2/BST1/ERP3/SED4/ELO2/CNE1/ALG6/MNN11/GEA2/PFA4/PEX31/UIP5/YPS7/LAS21/RFT1/MNL2/VPS74/ALG3/SAR1/ERV41/OSH3/SLP1/LCB4/OSH7/SEC23/CWH43/FLC1/ALG9/SEC72/CSG2/TRS33/ERG29/SWF1/EMC2/ICE2/PMT2/LAM1/LOA1/DIE2/SEC18/SMP3/KAR5/EMP24/HMG2/PBN1/SOP4/SHE2/WHI3/GGA2/OST3/YET2/GPI13/SRP101/LCB3/MSC2/GDT1/DNF3/ALG5/AGP2/PMT5/ARE1/GPI15"
"GO:1901135","BP","GO:1901135","carbohydrate derivative metabolic process",276,0.377777873560175,1.72440815268875,1.00782331188866e-05,0.00303296979354305,0.00279743863270742,1311,"tags=39%, list=23%, signal=31%","DAK2/TDH1/HXK2/SAM4/URH1/PGK1/ENO2/SAH1/ADE1/MCD4/ALG8/ADE17/APT1/GND1/CAX4/MNT4/PPM2/CDC19/PGA1/ERD1/HPT1/PDB1/PRS1/ADE13/ADE6/FBP1/YEH2/OST6/SPT14/PMT4/ENO1/PFK27/PRS5/PER1/GPM3/ADO1/SEC59/URA7/GPI17/TKL1/CWH41/GAA1/FBA1/YUR1/RKI1/IMD2/SOL3/TED1/MNT2/URK1/APT2/GNT1/PRS4/GPI10/URA1/RER2/XPT1/BST1/NCA3/ALG6/ADK2/MNN11/TYE7/KTR1/CPA2/VMA2/LAS21/KTR5/RFT1/MNL2/URA4/PRS3/ALG3/ADE2/QRI1/MNN5/PGM1/DDP1/CWH43/ALG9/KRE2/CSG2/STD1/GPM1/ATP16/TAL1/CDC8/DCD1/KTR2/PMT2/DIE2/SMP3/SHB17/PBN1/ADE12/OST3/GPI13/SNZ2/KRE5/ALG5/GFA1/PYK2/PMT5/KTR4/GPI15/DAS2/SEC53"
"GO:0019637","BP","GO:0019637","organophosphate metabolic process",388,0.351780730291859,1.67232950349467,1.02569150948362e-05,0.00303296979354305,0.00279743863270742,1061,"tags=31%, list=19%, signal=27%","SNO3/DAK2/FAA4/TDH1/HXK2/CHO2/URH1/PGK1/EPT1/ENO2/LSC2/MVD1/SAH1/FAA3/ADE1/MCD4/INM1/SNZ1/INO2/ADE17/APT1/CPT1/ATG15/GND1/ADH2/SCS3/ACS2/ACC1/SAC1/CDC19/PGA1/HPT1/PPR1/THI11/PDB1/BUD16/PRS1/ADE13/ADE6/FBP1/CDS1/SPT14/ENO1/KAP95/ERG12/PFK27/PRS5/PER1/SEC14/GPM3/SPO7/ADO1/SEC59/URA7/AFT2/GPI17/TKL1/GAA1/FBA1/NPT1/IDP2/CST26/RKI1/CKI1/ERG13/THI80/IMD2/SOL3/SFH5/TED1/NPP1/HMG1/LSC1/PSD1/URK1/APT2/PRS4/THI13/GPI10/URA1/XPT1/BST1/MTD1/NCA3/ADK2/TYE7/CPA2/FMP30/VMA2/INO1/GDE1/PLB1/LAS21/OPI1/URA4/VPS74/PRS3/FAP7/HNT1/NMA2/ADE2/QRI1/LPP1/PGM1/DDP1/ERG20/CWH43/IPK1/DPP1/CAB1/UPS2/FAD1/BNA7/ADH3/GPC1/GPM1/ATP16/TAL1/CDC8/NPY1/DCD1"
"GO:0006865","BP","GO:0006865","amino acid transport",57,0.601005460637102,2.1739848330763,1.44853526197457e-05,0.00389392615423527,0.00359153575480967,739,"tags=46%, list=13%, signal=40%","AGP3/DIP5/AGP1/BAP3/BAP2/VBA1/SAM3/AVT2/AVT4/YPQ2/GAP1/VBA5/HNM1/YMC1/LST4/SSY1/TPO5/YMC2/AGC1/GNP1/CAN1/VBA4/AQR1/ODC1/ATG22/VBA2"
"GO:0047681","MF","GO:0047681","aryl-alcohol dehydrogenase (NADP+) activity",4,0.98819320214669,1.82629120688236,1.41889528674716e-05,0.00389392615423527,0.00359153575480967,70,"tags=100%, list=1%, signal=99%","AAD3/AAD10/AAD14/AAD4"
"GO:0005789","CC","GO:0005789","endoplasmic reticulum membrane",378,0.344523249911316,1.64649241364928,1.75718745391457e-05,0.00451826374019598,0.00416738919276215,1286,"tags=33%, list=23%, signal=27%","ERG3/OLE1/CHO2/ERG5/ERG25/ERG11/MCD4/ALG8/SEC12/LAG1/CPT1/SMF3/ERG2/CAX4/IZH3/IZH1/CYB5/ELO1/FPR2/HVG1/SCS3/MMM1/ACC1/SAC1/GAP1/PGA1/ERD1/ERP1/HRI1/KRE6/FLC3/CDS1/OST6/EMP65/VTC4/HLJ1/SPT14/PMT4/TSC13/ERG26/KSH1/PER1/ERG7/SPO7/ERV29/SEC59/SEC63/NPL4/GPI17/CWH41/GAA1/USA1/ELO3/IFA38/VRG4/ERG27/YIF1/MGA2/SFH5/TED1/PEX15/ERG1/HUT1/BIG1/FLC2/HMG1/PSD1/SFB2/EMC1/GPI10/SPF1/ERP2/RER2/BST1/ERP3/SED4/ELO2/CNE1/ALG6/PFA4/UIP5/YPS7/LAS21/RFT1/MNL2/ALG3/SAR1/ERV41/OSH3/SLP1/LCB4/OSH7/SEC23/CWH43/FLC1/ALG9/SEC72/CSG2/ERG29/SWF1/EMC2/ICE2/PMT2/LAM1/LOA1/DIE2/SMP3/KAR5/EMP24/HMG2/PBN1/SOP4/SHE2/WHI3/OST3/YET2/GPI13/SRP101/LCB3/MSC2/ALG5/AGP2/PMT5/ARE1/GPI15"
"GO:1901615","BP","GO:1901615","organic hydroxy compound metabolic process",151,0.456469275565633,1.90400730399488,1.83873807659363e-05,0.00453095707707281,0.00417909680390711,527,"tags=21%, list=9%, signal=19%","ADH7/DLD3/SNO3/HSP32/DAK2/ERG3/ERG5/MVD1/ERG25/ERG11/INM1/SNZ1/ERG2/CYB5/ADH2/ARO10/THI11/BUD16/ERG10/YEH2/ERG24/ERG26/ERG12/PDC5/ERG7/IDP2/ERG27/RKI1/ERG13/THI80/ERG1"
"GO:0000313","CC","GO:0000313","organellar ribosome",86,-0.529153267715076,-1.94754512396233,2.17510473419481e-05,0.00494752669154926,0.00456331689578845,1413,"tags=43%, list=25%, signal=33%","MRPL36/MRPL37/MRPL44/MRPL8/MRP17/RSM18/MRPL17/MRPL16/RSM28/MHR1/MRPL49/RSM19/IMG1/MRPL51/MRP10/MRPL33/MRP2/IMG2/MRPL27/MRP51/PET123/CBS2/MRPL32/MRPL11/MRPL50/MRPL24/MRPL25/RSM27/MRPL39/RSM7/CBP6/QRI5/MRPS17/PTH4/MRPL31/MRP20/MRPL4"
"GO:0005761","CC","GO:0005761","mitochondrial ribosome",86,-0.529153267715076,-1.94754512396233,2.17510473419481e-05,0.00494752669154926,0.00456331689578845,1413,"tags=43%, list=25%, signal=33%","MRPL36/MRPL37/MRPL44/MRPL8/MRP17/RSM18/MRPL17/MRPL16/RSM28/MHR1/MRPL49/RSM19/IMG1/MRPL51/MRP10/MRPL33/MRP2/IMG2/MRPL27/MRP51/PET123/CBS2/MRPL32/MRPL11/MRPL50/MRPL24/MRPL25/RSM27/MRPL39/RSM7/CBP6/QRI5/MRPS17/PTH4/MRPL31/MRP20/MRPL4"
"GO:0005515","MF","GO:0005515","protein binding",775,-0.315262960300119,-1.46639780164832,2.34081731555023e-05,0.00512725689043114,0.00472908979695177,1372,"tags=30%, list=25%, signal=26%","INO4/VPS41/UBI4/STP22/ATG17/YSC84/SAC6/CDC53/SDS3/SPT16/UBC8/TFA1/RTT103/APL5/MYO1/SBA1/CDC5/ZPR1/RTG3/STE18/DED1/TAF12/DUF1/MCD1/RPN5/TAP42/HOF1/ARC15/SWA2/BMH2/SPT5/GIM4/KEL1/ARC35/CDC31/VPS27/CUR1/SMY2/ENT2/RAD23/SKO1/MGR3/DSK2/AHA1/CLG1/YRB1/CUE5/CUE3/PAT1/NOT5/ASK1/HHT1/IOC2/MGM1/ATG13/EGD2/VPS72/LEU9/MCM1/STH1/RPB4/PEX19/SUI3/CDC16/SGT1/IRC15/NIS1/WTM1/HTA2/RPT6/KAR3/SUI1/SPT6/PEX14/PIH1/SSA3/RLM1/DYN2/ADR1/UBC1/BUD27/GAL11/HAP4/PDP3/PAF1/NUP2/EDE1/YOP1/UBC13/ETP1/TIM10/DPB4/GPD2/VAM3/ESS1/SAC3/CTI6/ABP140/HSP10/HHF1/MPP6/CDC48/ALY2/CMP2/PAP2/SMX3/PEX3/NUM1/OXR1/NDC80/SRO77/STU2/SCM3/DAD4/TIM9/CUE4/TIF4632/TAF4/SNF7/GYL1/UBX5/NUF2/UFD1/RAP1/GCR2/UBX3/SMY1/BCY1/SPC110/BYE1/LEO1/PGD1/NDL1/TOA1/SCD5/CHD1/VMA22/TPM2/BSD2/TPM1/COX20/AIM21/SHP1/CHZ1/TAF5/SEC3/SLA1/ENT5/RPN10/ZUO1/DAM1/HSE1/SCD6/MOT3/SSA1/END3/PAC10/COY1/RHO5/ELF1/CHS5/SWR1/MVB12/XRN1/MUM2/WHI5/SRS2/SBP1/SAP155/CAR2/HTB1/PCL5/SRV2/YPI1/STI1/MET28/BDP1/RPB11/SSE1/HSC82/SEC9/YTA7/SNA3/MED2/VRP1/TDA1/ABP1/TFG1/PAN1/GPD1/SNF2/RPN2/BDF1/GAC1/BNI1/SAP4/MFA1/GGA1/YNG2/MDJ1/RPN8/CYC8/CSR2/RVS167/MYO3/PET100/BTT1/BUR6/MFA2/EAP1/ROG3/LAS17/HSP42/BTN2/SIS1/SSA4/HSP78/RAD59/DEF1/BBC1/BDF2/SSE2/GIP2/STF1/MDG1/NPL3/CRP1/HSP104/DON1/HSP82/PIG2/IME1/MET32/AFR1"
"GO:0016614","MF","GO:0016614","oxidoreductase activity, acting on CH-OH group of donors",75,0.562906469630426,2.1383597446201,2.70755574171537e-05,0.00571874452018025,0.00527464430585303,580,"tags=27%, list=10%, signal=24%","ADH7/DLD3/AAD3/ARI1/AAD10/AAD14/AAD4/FAS2/GND1/ADH2/OAR1/MDH2/ERG26/LEU2/IFA38/IDP2/ERG27/IMD2/HMG1/RIB7"
"GO:0003333","BP","GO:0003333","amino acid transmembrane transport",48,0.631659741263985,2.22422354533802,2.87810174733374e-05,0.00584449689209441,0.00539063113305327,739,"tags=48%, list=13%, signal=42%","AGP3/DIP5/AGP1/BAP3/BAP2/VBA1/SAM3/AVT2/AVT4/YPQ2/GAP1/VBA5/YMC1/SSY1/YMC2/AGC1/GNP1/CAN1/VBA4/AQR1/ODC1/ATG22/VBA2"
"GO:0019249","BP","GO:0019249","lactate biosynthetic process",4,0.9846442761268,1.81973239594345,2.96474309710572e-05,0.00584449689209441,0.00539063113305327,12,"tags=50%, list=0%, signal=50%","DLD3/HSP32"
"GO:1901137","BP","GO:1901137","carbohydrate derivative biosynthetic process",201,0.412522463757143,1.82015163115516,3.98958545664861e-05,0.00761109948084513,0.00702004476616405,1688,"tags=49%, list=30%, signal=36%","ADE1/MCD4/ALG8/ADE17/APT1/CAX4/MNT4/PPM2/PGA1/ERD1/HPT1/PRS1/ADE13/ADE6/YEH2/OST6/SPT14/PMT4/PRS5/PER1/ADO1/SEC59/URA7/GPI17/CWH41/GAA1/YUR1/IMD2/TED1/MNT2/URK1/APT2/GNT1/PRS4/GPI10/URA1/RER2/XPT1/NCA3/ALG6/ADK2/MNN11/KTR1/CPA2/LAS21/KTR5/RFT1/MNL2/URA4/PRS3/ALG3/ADE2/QRI1/MNN5/CWH43/ALG9/KRE2/CSG2/STD1/ATP16/CDC8/DCD1/KTR2/PMT2/DIE2/SMP3/SHB17/PBN1/ADE12/OST3/GPI13/SNZ2/KRE5/ALG5/GFA1/PMT5/KTR4/GPI15/DAS2/SEC53/OST1/ADK1/KTR3/URA5/WBP1/ADE8/MNN9/SWP1/ALG11/GUP1/MEU1/CHS1/KTR6/PSA1/PMI40/GUA1/GPI1/ALG1/IMD4"
"GO:0098827","CC","GO:0098827","endoplasmic reticulum subcompartment",382,0.33748294215835,1.60959438150362,5.02384889527439e-05,0.00928470073957898,0.0085636792681947,1286,"tags=33%, list=23%, signal=27%","ERG3/OLE1/CHO2/ERG5/ERG25/ERG11/MCD4/ALG8/SEC12/LAG1/CPT1/SMF3/ERG2/CAX4/IZH3/IZH1/CYB5/ELO1/FPR2/HVG1/SCS3/MMM1/ACC1/SAC1/GAP1/PGA1/ERD1/ERP1/HRI1/KRE6/FLC3/CDS1/OST6/EMP65/VTC4/HLJ1/SPT14/PMT4/TSC13/ERG26/KSH1/PER1/ERG7/SPO7/ERV29/SEC59/SEC63/NPL4/GPI17/CWH41/GAA1/USA1/ELO3/IFA38/VRG4/ERG27/YIF1/MGA2/SFH5/TED1/PEX15/ERG1/HUT1/BIG1/FLC2/HMG1/PSD1/SFB2/EMC1/GPI10/SPF1/ERP2/RER2/BST1/ERP3/SED4/ELO2/CNE1/ALG6/PFA4/PEX31/UIP5/YPS7/LAS21/RFT1/MNL2/ALG3/SAR1/ERV41/OSH3/SLP1/LCB4/OSH7/SEC23/CWH43/FLC1/ALG9/SEC72/CSG2/ERG29/SWF1/EMC2/ICE2/PMT2/LAM1/LOA1/DIE2/SMP3/KAR5/EMP24/HMG2/PBN1/SOP4/SHE2/WHI3/OST3/YET2/GPI13/SRP101/LCB3/MSC2/ALG5/AGP2/PMT5/ARE1/GPI15"
"GO:0005794","CC","GO:0005794","Golgi apparatus",271,0.362373753771846,1.6560479018161,7.18374739556985e-05,0.0128741460901212,0.0118743792675735,1507,"tags=38%, list=27%, signal=29%","OPT2/EPT1/MCD4/SEC12/CPT1/ATX2/HVG1/MNT4/SAC1/BSC6/ERP1/KRE6/YIP3/SMF2/GRH1/RIC1/GCS1/KSH1/SEC14/AKR1/TPO5/RGP1/TRS85/SEC21/BCH2/NEO1/YUR1/VRG4/YIF1/DRS2/BCH1/YMD8/TRS130/COG7/GEA1/MNT2/ENV7/SFB2/GNT1/YIP5/SPF1/ERP2/SYS1/COG1/ERP3/SED4/TMN3/MNN11/KTR1/GEA2/YKT6/PFA4/UIP5/KTR5/MNL2/TRS31/VPS74/YPT32/SAR1/ERV41/LST8/LPP1/TVP38/MNN5/LCB4/SEC23/APL4/STE6/KRE2/TRS33/VPS15/SWF1/APS1/CCC2/KTR2/COP1/SEC18/EMP24/STV1/TRS20/GGA2/RBD2/MSC2/GDT1/DNF3/COG3/KTR4/APM3/ARF1/GRX6/FRQ1/LEM3/KEX2/ATG27/GMH1/KTR3/VPS51/BOI2/COG2/YPT31/ERP4/GVP36/PMR1"
"GO:0072330","BP","GO:0072330","monocarboxylic acid biosynthetic process",53,0.590259724281278,2.11862676712128,8.60386352915439e-05,0.014965661444535,0.0138034739343895,848,"tags=43%, list=15%, signal=37%","DLD3/HSP32/OLE1/FAS1/FAS2/ELO1/ACC1/OAR1/PPT2/SPE3/TSC13/HTD2/ELO3/IFA38/SPE1/ECM31/SPE4/SPE2/ELO2/ISA2/ETR1/PAN5/LIP5"
"GO:0016491","MF","GO:0016491","oxidoreductase activity",294,0.352753643219721,1.62188065155896,9.54365779589656e-05,0.0156781089458145,0.0144605949410339,582,"tags=19%, list=10%, signal=18%","ADH7/DLD3/AAD3/ARI1/ERG3/OLE1/AAD10/AAD14/FAS1/TDH1/FET3/FRE5/ERG5/AAD4/YHB1/OYE2/ERG25/ERG11/FRM2/FAS2/COX5A/GND1/ADH2/FRE3/GMC1/TPA1/LOT6/OAR1/DUS4/PDB1/MDH2/MIS1/DUS1/OST6/ERG24/TSC13/ERG26/TAH18/HTD2/RIP1/LEU2/GDH1/ARR2/COX4/COX6/IFA38/IDP2/ERG27/IMD2/ERG1/JHD2/YBP1/HMG1/RIB7/CIR2"
"GO:0042175","CC","GO:0042175","nuclear outer membrane-endoplasmic reticulum membrane network",386,0.335913114160392,1.59550511787037,9.3370143730324e-05,0.0156781089458145,0.0144605949410339,1286,"tags=32%, list=23%, signal=27%","ERG3/OLE1/CHO2/ERG5/ERG25/ERG11/MCD4/ALG8/SEC12/LAG1/CPT1/SMF3/ERG2/CAX4/IZH3/IZH1/CYB5/ELO1/FPR2/HVG1/SCS3/MMM1/ACC1/SAC1/GAP1/PGA1/ERD1/ERP1/HRI1/KRE6/FLC3/CDS1/OST6/EMP65/VTC4/HLJ1/SPT14/PMT4/TSC13/ERG26/KSH1/PER1/ERG7/SPO7/ERV29/SEC59/SEC63/NPL4/GPI17/CWH41/GAA1/USA1/ELO3/IFA38/VRG4/ERG27/YIF1/MGA2/SFH5/TED1/PEX15/ERG1/HUT1/BIG1/FLC2/HMG1/PSD1/SFB2/EMC1/GPI10/SPF1/ERP2/RER2/BST1/ERP3/SED4/ELO2/CNE1/ALG6/PFA4/UIP5/YPS7/LAS21/RFT1/MNL2/ALG3/SAR1/ERV41/OSH3/SLP1/LCB4/OSH7/SEC23/CWH43/FLC1/ALG9/SEC72/CSG2/ERG29/SWF1/EMC2/ICE2/PMT2/LAM1/LOA1/DIE2/SMP3/KAR5/EMP24/HMG2/PBN1/SOP4/SHE2/WHI3/OST3/YET2/GPI13/SRP101/LCB3/MSC2/ALG5/AGP2/PMT5/ARE1/GPI15"
"GO:0042887","MF","GO:0042887","amide transmembrane transporter activity",17,0.776015237188161,2.22523566902895,0.000105657863187977,0.0164437000761498,0.0151667326049888,980,"tags=71%, list=18%, signal=58%","DAL5/OPT2/OPT1/DUR3/FEN2/MDL1/SEO1/LEU5/PTR2/VHT1/FLX1/STE6"
"GO:0015171","MF","GO:0015171","amino acid transmembrane transporter activity",47,0.624377249808694,2.19689312282652,0.000104441371141874,0.0164437000761498,0.0151667326049888,739,"tags=45%, list=13%, signal=39%","AGP3/DIP5/AGP1/BAP3/BAP2/VBA1/SAM3/AVT2/AVT4/YPQ2/GAP1/YMC1/SSY1/YMC2/AGC1/GNP1/CAN1/VBA4/AQR1/ODC1/VBA2"
"GO:0006637","BP","GO:0006637","acyl-CoA metabolic process",23,0.705453861026474,2.14080139702296,0.000138189047760207,0.019932927523265,0.0183849973169036,578,"tags=48%, list=10%, signal=43%","FAA4/LSC2/MVD1/FAA3/SCS3/ACS2/ACC1/PDB1/ERG12/ERG13/LSC1"
"GO:0035383","BP","GO:0035383","thioester metabolic process",23,0.705453861026474,2.14080139702296,0.000138189047760207,0.019932927523265,0.0183849973169036,578,"tags=48%, list=10%, signal=43%","FAA4/LSC2/MVD1/FAA3/SCS3/ACS2/ACC1/PDB1/ERG12/ERG13/LSC1"
"GO:0000139","CC","GO:0000139","Golgi membrane",139,0.429724286478887,1.77298142170581,0.000133727044853218,0.019932927523265,0.0183849973169036,1120,"tags=35%, list=20%, signal=29%","EPT1/MCD4/ATX2/HVG1/SAC1/KRE6/YIP3/GRH1/RIC1/GCS1/KSH1/SEC14/AKR1/TPO5/RGP1/SEC21/NEO1/YUR1/VRG4/YIF1/YMD8/COG7/MNT2/SFB2/GNT1/SYS1/COG1/SED4/TMN3/MNN11/KTR1/GEA2/UIP5/MNL2/VPS74/YPT32/SAR1/ERV41/LST8/LPP1/TVP38/LCB4/SEC23/APL4/KRE2/KTR2/COP1/EMP24/STV1"
"GO:0016829","MF","GO:0016829","lyase activity",101,0.471729304414273,1.87622868985986,0.000161086913127466,0.0226825715294246,0.0209211123766048,890,"tags=35%, list=16%, signal=30%","SNO3/HSP32/PDH1/FAS1/IRC7/ENO2/MVD1/SNZ1/PHR1/CHA1/MDE1/ARO10/SRY1/TCD2/FOL1/SEN34/ADE13/DAL3/ENO1/HTD2/PDC5/PCK1/ARG4/FBA1/GLY1/SPE1/PSD1/SPE2/THI3/FDC1/TRP2/TCD1/ABZ2/ADE2/LYS4"
"GO:0006696","BP","GO:0006696","ergosterol biosynthetic process",30,0.664366308024717,2.10700200442623,0.00017318113250906,0.0227598492813017,0.0209923889745485,567,"tags=50%, list=10%, signal=45%","ERG3/ERG5/MVD1/ERG25/ERG11/ERG2/ERG10/ERG24/ERG26/ERG12/ERG7/ERG27/ERG13/ERG1/HMG1"
"GO:0016129","BP","GO:0016129","phytosteroid biosynthetic process",30,0.664366308024717,2.10700200442623,0.00017318113250906,0.0227598492813017,0.0209923889745485,567,"tags=50%, list=10%, signal=45%","ERG3/ERG5/MVD1/ERG25/ERG11/ERG2/ERG10/ERG24/ERG26/ERG12/ERG7/ERG27/ERG13/ERG1/HMG1"
"GO:0097384","BP","GO:0097384","cellular lipid biosynthetic process",30,0.664366308024717,2.10700200442623,0.00017318113250906,0.0227598492813017,0.0209923889745485,567,"tags=50%, list=10%, signal=45%","ERG3/ERG5/MVD1/ERG25/ERG11/ERG2/ERG10/ERG24/ERG26/ERG12/ERG7/ERG27/ERG13/ERG1/HMG1"
"GO:0019693","BP","GO:0019693","ribose phosphate metabolic process",93,0.477742764028921,1.87894821865822,0.000185088953499064,0.0237960015433361,0.0219480768199576,1033,"tags=40%, list=18%, signal=33%","TDH1/HXK2/PGK1/ENO2/ADE1/ADE17/APT1/CDC19/HPT1/PDB1/PRS1/ADE13/ADE6/ENO1/PFK27/PRS5/GPM3/ADO1/URA7/FBA1/IMD2/URK1/APT2/PRS4/URA1/XPT1/NCA3/ADK2/TYE7/CPA2/VMA2/URA4/PRS3/ADE2/DDP1/GPM1/ATP16"
"GO:0008514","MF","GO:0008514","organic anion transmembrane transporter activity",72,0.528346433615124,1.98434087302097,0.000205743370478868,0.0258886445321708,0.0238782115525531,1146,"tags=50%, list=20%, signal=40%","DIP5/GIT1/DAL5/AGP1/YHM2/YCF1/FEN2/AVT2/OAC1/AVT4/GAP1/FLC3/YMC1/YMC2/AGC1/GNP1/SEO1/LEU5/HUT1/FLC2/CAN1/ANT1/BPT1/RCH1/VHT1/AQR1/ODC1/FLX1/FAT1/FLC1/YIA6/TAT2/AVT7/MUP1/TNA1/ORT1"
"GO:0072521","BP","GO:0072521","purine-containing compound metabolic process",170,0.411542545684505,1.75573640228188,0.000219859211093876,0.0270884869668579,0.0249848778922909,1059,"tags=38%, list=19%, signal=32%","FAA4/TDH1/HXK2/SAM4/DAL7/URH1/PGK1/ENO2/LSC2/MVD1/SAH1/FAA3/ADE1/ADE17/APT1/GND1/ADH2/SCS3/ACS2/ACC1/CDC19/HPT1/PDB1/PRS1/ADE13/DAL3/ADE6/ENO1/ERG12/PFK27/PRS5/GPM3/ADO1/TKL1/FBA1/NPT1/IDP2/RKI1/ERG13/IMD2/SOL3/HMG1/LSC1/APT2/PRS4/XPT1/MTD1/NCA3/ADK2/TYE7/VMA2/DAL1/GUD1/PRS3/NMA2/ADE2/SER1/DDP1/CAB1/BNA7/ADH3/GPM1/ATP16/TAL1/NPY1"
"GO:0006089","BP","GO:0006089","lactate metabolic process",10,0.841352173708477,2.06587302625221,0.000249085988215522,0.0300631537613591,0.0277285411586001,12,"tags=20%, list=0%, signal=20%","DLD3/HSP32"
"GO:0015849","BP","GO:0015849","organic acid transport",68,0.527498545865857,1.98151223240397,0.000280027100681083,0.0331216054685585,0.0305494828574604,1146,"tags=50%, list=20%, signal=40%","DIP5/FAA4/DAL5/AGP1/BAP2/YHM2/YCF1/FEN2/AVT2/OAC1/AVT4/GAP1/VBA5/YMC1/FAT3/YMC2/AGC1/GNP1/SEO1/CAN1/BPT1/RCH1/VHT1/AQR1/ODC1/FLX1/NPR2/FAT1/YIA6/TAT2/AVT7/MUP1/TNA1/ORT1"
"GO:0090407","BP","GO:0090407","organophosphate biosynthetic process",261,0.3590290858643,1.63079405012217,0.000291089632826049,0.033754982128103,0.0311336734221793,1316,"tags=36%, list=24%, signal=29%","SNO3/CHO2/URH1/EPT1/MVD1/SAH1/ADE1/MCD4/INM1/SNZ1/INO2/ADE17/APT1/CPT1/SCS3/ACS2/ACC1/PGA1/HPT1/PPR1/THI11/PDB1/BUD16/PRS1/ADE13/ADE6/CDS1/SPT14/KAP95/ERG12/PRS5/PER1/SEC14/SPO7/ADO1/SEC59/URA7/GPI17/GAA1/NPT1/CST26/CKI1/ERG13/THI80/IMD2/TED1/PSD1/URK1/APT2/PRS4/THI13/GPI10/URA1/XPT1/MTD1/NCA3/ADK2/CPA2/INO1/LAS21/OPI1/URA4/PRS3/FAP7/NMA2/ADE2/QRI1/ERG20/CWH43/IPK1/CAB1/UPS2/FAD1/BNA7/GPC1/ATP16/CDC8/DCD1/AYR1/SMP3/SHB17/BUD17/PBN1/ADE12/GPI13/CAB2/SNZ2/SNZ3/GFA1/GPI15/DAS2/SEC53/SNO1"
"GO:0016126","BP","GO:0016126","sterol biosynthetic process",37,0.634843736228736,2.11027963251802,0.000355842292188986,0.0365326060802595,0.0336955955908201,567,"tags=43%, list=10%, signal=39%","ERG3/ERG5/MVD1/ERG25/ERG11/ERG2/CYB5/ERG10/ERG24/ERG26/ERG12/ERG7/ERG27/ERG13/ERG1/HMG1"
"GO:0043255","BP","GO:0043255","regulation of carbohydrate biosynthetic process",30,-0.637297566415006,-1.92904586011493,0.000353080377502791,0.0365326060802595,0.0336955955908201,819,"tags=33%, list=15%, signal=29%","PSK2/SDH7/GID7/SNF1/RMD5/VID24/SIP4/GAC1/GIP2/PIG2"
"GO:0043603","BP","GO:0043603","amide metabolic process",104,0.449022180918444,1.78706756719244,0.000359886194136605,0.0365326060802595,0.0336955955908201,975,"tags=38%, list=17%, signal=32%","GTT2/FAA4/DAL7/LSC2/YCF1/MVD1/FAA3/LAG1/SCS3/ACS2/ACC1/SPE3/DUG2/PDB1/FOL1/DAL3/ECM38/MIS1/ERG12/NIT3/SPE1/ERG13/ECM31/GSH2/HMG1/LSC1/SPE4/SPE2/SHM1/HMT1/ISA2/FMP30/DAL1/ABZ2/PAN5/ASN1/ALD2/CAB1/GTO1"
"GO:0042759","BP","GO:0042759","long-chain fatty acid biosynthetic process",4,0.965237533982274,1.78386657288801,0.000350746787274153,0.0365326060802595,0.0336955955908201,188,"tags=75%, list=3%, signal=73%","FAS1/FAS2/ACC1"
"GO:0016053","BP","GO:0016053","organic acid biosynthetic process",181,0.38311815183171,1.65348590033072,0.000389170473969623,0.0365326060802595,0.0336955955908201,927,"tags=29%, list=17%, signal=25%","DLD3/HSP32/OLE1/FAS1/SAM4/IRC7/MRI1/FAS2/ELO1/CHA1/MDE1/ACC1/OAR1/PPT2/SPE3/FOL1/MIS1/ARO7/TSC13/HTD2/ARG2/LEU2/GDH1/GLN1/ARG4/ELO3/GLY1/IFA38/SPE1/ECM31/SER2/SPE4/CTR86/SPE2/SHM1/HMT1/ELO2/ISA2/HIS6/ETR1/CPA2/TRP2/PUT2/ABZ2/PAN5/LIP5/ASN1/SER1/LYS4/TYR1/ALD2/ARO3"
"GO:0046394","BP","GO:0046394","carboxylic acid biosynthetic process",181,0.38311815183171,1.65348590033072,0.000389170473969623,0.0365326060802595,0.0336955955908201,927,"tags=29%, list=17%, signal=25%","DLD3/HSP32/OLE1/FAS1/SAM4/IRC7/MRI1/FAS2/ELO1/CHA1/MDE1/ACC1/OAR1/PPT2/SPE3/FOL1/MIS1/ARO7/TSC13/HTD2/ARG2/LEU2/GDH1/GLN1/ARG4/ELO3/GLY1/IFA38/SPE1/ECM31/SER2/SPE4/CTR86/SPE2/SHM1/HMT1/ELO2/ISA2/HIS6/ETR1/CPA2/TRP2/PUT2/ABZ2/PAN5/LIP5/ASN1/SER1/LYS4/TYR1/ALD2/ARO3"
"GO:0004371","MF","GO:0004371","glycerone kinase activity",2,0.996506846963027,1.51638273869113,0.000385959692916401,0.0365326060802595,0.0336955955908201,13,"tags=50%, list=0%, signal=50%","DAK2"
"GO:0019588","BP","GO:0019588","anaerobic glycerol catabolic process",2,0.996506846963027,1.51638273869113,0.000385959692916401,0.0365326060802595,0.0336955955908201,13,"tags=50%, list=0%, signal=50%","DAK2"
"GO:0019662","BP","GO:0019662","non-glycolytic fermentation",2,0.996506846963027,1.51638273869113,0.000385959692916401,0.0365326060802595,0.0336955955908201,13,"tags=50%, list=0%, signal=50%","DAK2"
"GO:0050354","MF","GO:0050354","triokinase activity",2,0.996506846963027,1.51638273869113,0.000385959692916401,0.0365326060802595,0.0336955955908201,13,"tags=50%, list=0%, signal=50%","DAK2"
"GO:0006793","BP","GO:0006793","phosphorus metabolic process",599,0.282799921778224,1.40219829095474,0.000377241721465148,0.0365326060802595,0.0336955955908201,1117,"tags=27%, list=20%, signal=24%","SNO3/DAK2/FAA4/TDH1/HXK2/CHO2/URH1/PGK1/EPT1/ENO2/LSC2/MVD1/SAH1/FAA3/ADE1/MCD4/INM1/SNZ1/INO2/ADE17/APT1/CPT1/ATG15/CLN3/ASC1/AIM6/GND1/CAX4/MCK1/ADH2/SCS3/ACS2/ACC1/SAC1/CDC19/PGA1/HPT1/PPR1/THI11/PDB1/FOL1/BUD16/PRS1/ADE13/ADE6/FBP1/CDS1/VTC4/LTP1/SPT14/ENO1/KAP95/ERG12/PFK27/PRS5/ELM1/PER1/SEC14/GPM3/SPO7/ADO1/SEC59/URA7/AFT2/GPI17/TKL1/GAA1/GAL80/FBA1/NPT1/KIN3/IDP2/COQ8/CST26/RKI1/CKI1/ERG13/THI80/IMD2/MSG5/SOL3/SFH5/TED1/SER2/NPP1/HMG1/SSN3/ENV7/LSC1/PSD1/URK1/APT2/PRS4/KDX1/THI13/GPI10/URA1/YPK3/XPT1/BUD32/BST1/MTD1/MPA43/NCA3/PPT1/ADK2/TYE7/CPA2/FMP30/YVH1/VMA2/INO1/GDE1/PLB1/LAS21/OPI1/TPK2/URA4/VPS74/PRS3/STE5/FAP7/HNT1/NMA2/ADE2/QRI1/PHO90/KSS1/LPP1/PGM1/LCB4/DDP1/TRL1/ERG20/CWH43/IPK1/DPP1/CAB1/UPS2/FAD1/BNA7/MEC1/ADH3/GPC1/SLN1/VPS15/GPM1/ATP16/TAL1/PHO81/GRC3/PPS1/DBF20/CDC8/NPY1/DCD1/AHK1/MEK1/AYR1/SSK22/SMP3/SHB17/HMG2"
"GO:0006796","BP","GO:0006796","phosphate-containing compound metabolic process",588,0.284175421792617,1.40115520600419,0.000345180820613836,0.0365326060802595,0.0336955955908201,1117,"tags=27%, list=20%, signal=24%","SNO3/DAK2/FAA4/TDH1/HXK2/CHO2/URH1/PGK1/EPT1/ENO2/LSC2/MVD1/SAH1/FAA3/ADE1/MCD4/INM1/SNZ1/INO2/ADE17/APT1/CPT1/ATG15/CLN3/ASC1/AIM6/GND1/CAX4/MCK1/ADH2/SCS3/ACS2/ACC1/SAC1/CDC19/PGA1/HPT1/PPR1/THI11/PDB1/FOL1/BUD16/PRS1/ADE13/ADE6/FBP1/CDS1/LTP1/SPT14/ENO1/KAP95/ERG12/PFK27/PRS5/ELM1/PER1/SEC14/GPM3/SPO7/ADO1/SEC59/URA7/AFT2/GPI17/TKL1/GAA1/GAL80/FBA1/NPT1/KIN3/IDP2/COQ8/CST26/RKI1/CKI1/ERG13/THI80/IMD2/MSG5/SOL3/SFH5/TED1/SER2/NPP1/HMG1/SSN3/ENV7/LSC1/PSD1/URK1/APT2/PRS4/KDX1/THI13/GPI10/URA1/YPK3/XPT1/BUD32/BST1/MTD1/MPA43/NCA3/PPT1/ADK2/TYE7/CPA2/FMP30/YVH1/VMA2/INO1/GDE1/PLB1/LAS21/OPI1/TPK2/URA4/VPS74/PRS3/STE5/FAP7/HNT1/NMA2/ADE2/QRI1/KSS1/LPP1/PGM1/LCB4/DDP1/TRL1/ERG20/CWH43/IPK1/DPP1/CAB1/UPS2/FAD1/BNA7/MEC1/ADH3/GPC1/SLN1/VPS15/GPM1/ATP16/TAL1/PHO81/GRC3/PPS1/DBF20/CDC8/NPY1/DCD1/AHK1/MEK1/AYR1/SSK22/SMP3/SHB17/HMG2"
"GO:0019888","MF","GO:0019888","protein phosphatase regulator activity",39,-0.590299831963131,-1.87085627263427,0.000408779842153365,0.0377738122889844,0.034840413520374,853,"tags=46%, list=15%, signal=39%","CDC48/SDS22/SHP1/ZDS1/IGO1/NET1/SAP155/YPI1/VHS3/TFG1/RRD1/GAC1/SAP4/GLC8/SDS24/GIP2/REG2/PIG2"
"GO:0046942","BP","GO:0046942","carboxylic acid transport",67,0.527896297212024,1.98149613285244,0.000417283415477878,0.0379663710636334,0.0350180187693338,1146,"tags=51%, list=20%, signal=41%","DIP5/FAA4/DAL5/AGP1/BAP2/YHM2/YCF1/FEN2/AVT2/OAC1/AVT4/GAP1/VBA5/YMC1/FAT3/YMC2/AGC1/GNP1/SEO1/CAN1/BPT1/RCH1/VHT1/AQR1/ODC1/FLX1/NPR2/FAT1/YIA6/TAT2/AVT7/MUP1/TNA1/ORT1"
"GO:0005838","CC","GO:0005838","proteasome regulatory particle",21,-0.694424420945804,-1.92659792738971,0.000468369913301317,0.0413423830934923,0.0381318600271394,1379,"tags=71%, list=25%, signal=54%","RPN6/RPN5/RPT3/RPN3/RPN12/RPT6/RPN9/RPN10/UBP6/SEM1/RPN1/RPT2/RPN11/RPN2/RPN8"
"GO:0022624","CC","GO:0022624","proteasome accessory complex",21,-0.694424420945804,-1.92659792738971,0.000468369913301317,0.0413423830934923,0.0381318600271394,1379,"tags=71%, list=25%, signal=54%","RPN6/RPN5/RPT3/RPN3/RPN12/RPT6/RPN9/RPN10/UBP6/SEM1/RPN1/RPT2/RPN11/RPN2/RPN8"
"GO:0015932","MF","GO:0015932","nucleobase-containing compound transmembrane transporter activity",24,0.670843786304781,2.05807820488778,0.000492090723293811,0.0427974196699941,0.0394739029118967,1029,"tags=67%, list=18%, signal=55%","FCY2/HVG1/FLC3/VRG4/LEU5/HUT1/YMD8/FLC2/ANT1/ODC1/RIM2/FLX1/FLC1/YIA6/FUI1/FUN26"
"GO:0030558","MF","GO:0030558","RNA pseudouridylation guide activity",28,0.662477149568129,2.08893156488659,0.000527734556797359,0.0433475301236053,0.0399812934696478,919,"tags=43%, list=16%, signal=36%","SNR189/SNR49/SNR82/SNR33/SNR3/SNR191/SNR32/SNR81/SNR34/SNR10/SNR37/SNR31"
"GO:0030559","MF","GO:0030559","rRNA pseudouridylation guide activity",28,0.662477149568129,2.08893156488659,0.000527734556797359,0.0433475301236053,0.0399812934696478,919,"tags=43%, list=16%, signal=36%","SNR189/SNR49/SNR82/SNR33/SNR3/SNR191/SNR32/SNR81/SNR34/SNR10/SNR37/SNR31"
"GO:0016616","MF","GO:0016616","oxidoreductase activity, acting on the CH-OH group of donors, NAD or NADP as acceptor",70,0.521445175800387,1.97361230460199,0.000524446558073114,0.0433475301236053,0.0399812934696478,580,"tags=27%, list=10%, signal=25%","ADH7/AAD3/ARI1/AAD10/AAD14/AAD4/FAS2/GND1/ADH2/OAR1/MDH2/ERG26/LEU2/IFA38/IDP2/ERG27/IMD2/HMG1/RIB7"
"GO:0000454","BP","GO:0000454","snoRNA guided rRNA pseudouridine synthesis",7,0.890042886900132,1.95377930201106,0.000518134959162546,0.0433475301236053,0.0399812934696478,568,"tags=71%, list=10%, signal=64%","SNR189/SNR49/SNR3/SNR32/SNR34"
"GO:0015605","MF","GO:0015605","organophosphate ester transmembrane transporter activity",24,0.666493944480235,2.04473334750582,0.000545870621296152,0.0437385558031151,0.0403419532904513,942,"tags=58%, list=17%, signal=49%","GIT1/HVG1/FLC3/VRG4/LEU5/HUT1/YMD8/FLC2/ANT1/ODC1/RIM2/FLX1/FLC1/YIA6"
"GO:0009250","BP","GO:0009250","glucan biosynthetic process",46,-0.563545379248114,-1.84911158442282,0.000553470987930663,0.0437385558031151,0.0403419532904513,583,"tags=30%, list=10%, signal=27%","SMI1/GSY1/GLG2/GAC1/GLC8/GSY2/GAS2/IGD1/GIP2/GLC3/GDB1/GLG1/PGM2/PIG2"
"GO:0015980","BP","GO:0015980","energy derivation by oxidation of organic compounds",146,-0.421663160987978,-1.67004035903629,0.000554682395203523,0.0437385558031151,0.0403419532904513,660,"tags=25%, list=12%, signal=22%","SDH1/SHP1/ATP15/QCR2/GSY1/PET20/QCR7/PUF3/YPI1/COX5B/GPH1/GLG2/PAH1/GAC1/GDS1/GLC8/QCR6/ISF1/MDH1/GSY2/CYT1/SHH3/SGA1/IGD1/TAR1/GIP2/RGI2/GLC3/GDB1/RGI1/GLG1/CYC7/PGM2/RSF1/PIG2/AIF1"
"GO:0019208","MF","GO:0019208","phosphatase regulator activity",40,-0.584637162119749,-1.85747756584467,0.000580622356551724,0.0448985198698957,0.0414118380944057,853,"tags=45%, list=15%, signal=38%","CDC48/SDS22/SHP1/ZDS1/IGO1/NET1/SAP155/YPI1/VHS3/TFG1/RRD1/GAC1/SAP4/GLC8/SDS24/GIP2/REG2/PIG2"
"GO:0006400","BP","GO:0006400","tRNA modification",78,0.47933197368024,1.84303210450529,0.00058457660297294,0.0448985198698957,0.0414118380944057,1963,"tags=60%, list=35%, signal=40%","PPM2/CIA1/DUS4/ATS1/TCD2/ISU2/DUS1/SUA5/TAD3/NCS6/RTT10/ELP3/TRM732/NCS2/CBR1/TRM5/TRM10/PUS9/TCD1/NBP35/IKI3/TRM7/UBA4/NFS1/GCD14/KTI11/TRM3/PUS7/TAD2/ISU1/SLM3/TUM1/TRM11/SAP190/RIB2/TRM2/RIT1/THG1/MSS1/KTI12/PUS1/PUS4/QRI7/TAD1/CFD1/KAE1/MOD5"
"GO:0006694","BP","GO:0006694","steroid biosynthetic process",38,0.620494470499132,2.07921692962823,0.00065888531641634,0.0493246552061548,0.0454942532933974,567,"tags=42%, list=10%, signal=38%","ERG3/ERG5/MVD1/ERG25/ERG11/ERG2/CYB5/ERG10/ERG24/ERG26/ERG12/ERG7/ERG27/ERG13/ERG1/HMG1"
"GO:0016125","BP","GO:0016125","sterol metabolic process",49,0.548684816020208,1.94958442955249,0.000655790716917025,0.0493246552061548,0.0454942532933974,1170,"tags=49%, list=21%, signal=39%","ERG3/ERG5/MVD1/ERG25/ERG11/ERG2/CYB5/ERG10/YEH2/ERG24/ERG26/ERG12/ERG7/ERG27/ERG13/ERG1/HMG1/OSH7/ERG20/CAB1/ERG29/GRE2/HMG2/ERG6"
